"0","# Suponiendo que leíste tu archivo CSV como DF_MedicionesMala"
"0","DF_MedicionesBuena <- DF_TablaMala %>%"
"0","  mutate("
"0","    # Tus funciones de unificar_columnas siguen funcionando perfecto aquí"
"0","    Piso = unificar_columnas(., ""¿En qué piso se encuentra?""),"
"0","    Ambiente = unificar_columnas(., ""¿En qué ambiente se encuentra?""),"
"0","    "
"0","    # La creación del ID queda exactamente igual"
"0","    ID = paste0("
"0","      Piso,"
"0","      `¿En qué torre se encuentra?`,"
"0","      Ambiente,"
"0","      ""-"","
"0","      format(as.POSIXct(`Marca temporal`, format = ""%d/%m/%Y %H:%M:%S""), ""%d%m""),"
"0","      ""-"","
"0","      gsub(""[^0-9]"", """", `¿En qué horario está llenando el formulario?`)"
"0","    )"
"0","  ) %>%"
"0","  # Limpiamos las columnas repetidas que guardaste en tus listas previas"
"0","  select("
"0","    -all_of(cols_piso),"
"0","    -all_of(cols_ambiente)"
"0","  ) %>%"
"0","  # AQUÍ ESTÁ EL CAMBIO IMPORTANTE: Renombramos la columna larguísima"
"0","  rename("
"0","    Numero_mobiliario = `Número de mobiliario disponible: Se toma el recurso principal o el paquete del recurso principal (cubículo (silla + mesa))`"
"0","  ) %>%"
"0","  # Reordenamos la tabla usando directamente ""Grupo"" que ya viene en el CSV"
"0","  relocate("
"0","    ID,"
"0","    `Marca temporal`,"
"0","    Grupo, "
"0","    `¿En qué horario está llenando el formulario?`,"
"0","    `¿En qué torre se encuentra?`,"
"0","    Piso,"
"0","    Ambiente,"
"0","    `Nivel de presión sonora (dB)`,"
"0","    `Temperatura ambiental`,"
"0","    Numero_mobiliario"
"0","  )"
